title,company,location,salary,snippet,url,scraped_at
Senior Python Developer,Not Provided,Not Provided,Not Provided,Not Provided,https://www.indeed.com/rc/clk?jk=50952845f33457e7&bb=TlZo4c9AZohqS0coEmUR0enEY4sM32yJWThZFhBnjdHr7aer0t0raoIICjAbR8Lf91vKEDCSBTgXuEhY9B1XGv5CbYNw6tO-PPwjquzCoOJfsq9WwRtfreBLlYfJmLx627UrEep_PDMkyipeIVFPyg%3D%3D&xkcb=SoBR67M3rQOUVDRXZZ0LbzkdCdPP&fccid=86bf21f313f2ac27&cmp=TekisHub-Consulting-Services&ti=Python+Developer&vjs=3,2025-10-26 16:37:39
Python Developer,Not Provided,Not Provided,Not Provided,Not Provided,https://www.indeed.com/rc/clk?jk=a95ee1a6c2ff7aa7&bb=TlZo4c9AZohqS0coEmUR0dm3unGgsZnx6Dn6Cgu70aVmbBB1DP464uzzH7WVp3_V5pdBYePW1PFBaDMTedom3-T10kCTfMaMKu_HYK8aaGMLLX26hAuqhu8O_7QWZ9TeiEG6lfagIlEu8FL1XpWSFw%3D%3D&xkcb=SoDl67M3rQOUVDRXZZ0KbzkdCdPP&fccid=9e399301940ed66e&vjs=3,2025-10-26 16:37:39
Python Developer Contractor,Not Provided,Not Provided,Not Provided,Not Provided,https://www.indeed.com/rc/clk?jk=b61e9cb420a6bcb5&bb=TlZo4c9AZohqS0coEmUR0azMRjlhLkEvRsZmSWGj01nk6Elcczwc8-gTkkCc65FVb4sz26oG5DQ7bp-yd95X0WRKd_zbNa5Z0krL4Xqm6zqER6wOF1ssSpIaoIsrNM9JmVVpHTHYfQBgRUOflg8-vg%3D%3D&xkcb=SoB467M3rQOUVDRXZZ0JbzkdCdPP&fccid=77cc9c74b065ea92&cmp=Flex-Employee-Services&ti=Python+Developer&vjs=3,2025-10-26 16:37:39
Senior Python Developer,Not Provided,Not Provided,Not Provided,Not Provided,https://www.indeed.com/rc/clk?jk=ad2fcd0a0b1e173b&bb=TlZo4c9AZohqS0coEmUR0aOF4WGery8VlIErp3ZFdbFGtGEGBuD4VzkoReFHWmaCaqhgS-nEHPvSnhZ_2G8HIZ8zEzlKDzRVEq_0GF9ibFff7j88DEAYXVrc5zw0zjXasH1iVJ8dHAsL0hkARnvkYQ%3D%3D&xkcb=SoDM67M3rQOUVDRXZZ0IbzkdCdPP&fccid=6a37093d51931487&cmp=Placify-Technologies-Private-Limited&ti=Python+Developer&vjs=3,2025-10-26 16:37:39
Python Engineer,Not Provided,Not Provided,Not Provided,Not Provided,https://www.indeed.com/rc/clk?jk=2375b93785eb26fe&bb=TlZo4c9AZohqS0coEmUR0aGu1qBb2sqoUAJRSMxAqd8SR8PPc4xi0QgQy4l4BqK4uhpEp7YaYu3KnjllsG3cyu3hJlLdPODuuQefq3J_yxcHuxwdkmQoaAzQynxV1kDXCAMlZn6eKZHiWM9MBxg1rg%3D%3D&xkcb=SoBC67M3rQOUVDRXZZ0PbzkdCdPP&fccid=9a4313046b5737c1&cmp=iLabz-Technology-LLP&ti=Python+Developer&vjs=3,2025-10-26 16:37:40
Python Developer,Not Provided,Not Provided,Not Provided,Not Provided,https://www.indeed.com/rc/clk?jk=e1366eca2dbf1134&bb=TlZo4c9AZohqS0coEmUR0cW866g_bxH53ut7KiMTgWvBtRR05TulpVri3Jsoi-6rjbmSVxz-VZ-yX4KKRUsCfAgA5KY5C1suIqPuO2Ibyoj9xFT6dNEQLUUJjsU8IJz69qajfMTmq6rlMTWyMZTk9w%3D%3D&xkcb=SoD267M3rQOUVDRXZZ0ObzkdCdPP&fccid=5024b62b64a0c306&cmp=Humen-Resource-IT-Services&ti=Python+Developer&vjs=3,2025-10-26 16:37:40
Sr. Python Engineer,Not Provided,Not Provided,Not Provided,Not Provided,https://www.indeed.com/rc/clk?jk=805de8b2df88ef61&bb=TlZo4c9AZohqS0coEmUR0SRKTeQpzB8e4ezhAxQvE6vUNsQwJPn0F7vUXQd3WAiprsZe8aHDBp94I30W83GuNaqQBukQRjdXWUHqP0ozL1XspAhv1sKrAQhRSdS4Ul67hOU2SRmYaeumtXCnnC7PqQ%3D%3D&xkcb=SoBr67M3rQOUVDRXZZ0NbzkdCdPP&fccid=dd616958bd9ddc12&vjs=3,2025-10-26 16:37:40
Python Developer,Not Provided,Not Provided,Not Provided,Not Provided,https://www.indeed.com/rc/clk?jk=e520db1f0400ba93&bb=TlZo4c9AZohqS0coEmUR0eupTG5aoe0f2LFBRYUQe2SF_peGEh3ytg_xzlAWQMjFzgpgF4xCCT7mthXZ_OjXZ49HfZvI7ol1sHUgf9ksuThgXRbI_GRRzst7OOVj_OWOHNWVrA_LCbIpQuy_rsQkCw%3D%3D&xkcb=SoDf67M3rQOUVDRXZZ0MbzkdCdPP&fccid=beab5ea7d4a3f8c6&vjs=3,2025-10-26 16:37:40
Python Developer,Not Provided,Not Provided,Not Provided,Not Provided,https://www.indeed.com/rc/clk?jk=7267cf0579637d1b&bb=TlZo4c9AZohqS0coEmUR0Z3yqtyIr-N6Gbz-DHABVzY1A6jGWWi2pmdhvfD-OzeJv8UTC6vXKZ31lx9ADd6n0TsP2lVUSnyWIHzvnTsuJk_2Zsf3UaWxAt4Q5yYyo9Cmkq_Lc7CDlpepu3UFNlXvPg%3D%3D&xkcb=SoA267M3rQOUVDRXZZ0DbzkdCdPP&fccid=ebb2d60ed9b7d877&vjs=3,2025-10-26 16:37:41
Python Developer,Not Provided,Not Provided,Not Provided,Not Provided,https://www.indeed.com/rc/clk?jk=082d6cdf60c79aea&bb=TlZo4c9AZohqS0coEmUR0etSysUxe2IFNrOo60MtV4TVblqIDwIDO_DwoY7tdKHbA0GPAIQwy8JfYGQL--KAgLBueeZDYFdCmFdFYt9X-eRxEGkf4er5eU4yL5ga6HvsPo4Z2K5GWqmeV669BY_Q8A%3D%3D&xkcb=SoCC67M3rQOUVDRXZZ0CbzkdCdPP&fccid=5604d4e9e39992f0&cmp=Rapideagle&ti=Python+Developer&vjs=3,2025-10-26 16:37:41
Python Developer II,Not Provided,Not Provided,Not Provided,Not Provided,https://www.indeed.com/rc/clk?jk=b6152f35a268914d&bb=TlZo4c9AZohqS0coEmUR0ShhN23T7hASy09izesxVN_k0fDm-8QG0SovlyVVORaGb9JiZ3CaGW1on_Bc_VS7UVmjiGnrqsHLgEA1zgmtDQ2ECU6y8cy020UJcPezjxeeksp-i_HyIFQGDzfbi-PDaw%3D%3D&xkcb=SoAf67M3rQOUVDRXZZ0BbzkdCdPP&fccid=386daa913fab19f9&vjs=3,2025-10-26 16:37:41
Python Developer - TS/SCI w/Poly - Herndon//Chantilly Va.,Not Provided,Not Provided,Not Provided,Not Provided,https://www.indeed.com/rc/clk?jk=7ab4b24adc4637fd&bb=TlZo4c9AZohqS0coEmUR0Z3yqtyIr-N6qMUba0N96xOH5oPcpgVSmbLJZdndvCqm2vciWB08xoBvROUzEdlLo7eRxDHOXKIAlIAhBeQR2WLvEmNGLCkupEckB_ncJKwE7V8Vvrf8KUPM6CTVdYduJw%3D%3D&xkcb=SoCr67M3rQOUVDRXZZ0AbzkdCdPP&fccid=6852f3fd198da54f&vjs=3,2025-10-26 16:37:41
Python Programmer,Not Provided,Not Provided,Not Provided,Not Provided,https://www.indeed.com/rc/clk?jk=61e7968926e61b88&bb=TlZo4c9AZohqS0coEmUR0V3P7xI_Arq2QJU0iFxfjWOusyaBq7OQ14n3-0t2xs-Qxsn0C1K0XQchkT6saZJlB8k7zMR-XouudsM4i0wLD9xXxpnkWW44MKFVsPjjCmq8JyMnb_ywwKGGJgBGmjrfJw%3D%3D&xkcb=SoAl67M3rQOUVDRXZZ0HbzkdCdPP&fccid=5963946cda6e5c05&vjs=3,2025-10-26 16:37:41
Python Developer,Not Provided,Not Provided,Not Provided,Not Provided,https://www.indeed.com/rc/clk?jk=910b057268cfd488&bb=TlZo4c9AZohqS0coEmUR0WMv-aa5cBIdjA2AbwuNB3GLznevO1Re7i-Zjcf54I0uBePqlEa6bcf9Fn0EKCe4Py6wwwQkHgcZZ-mwvzjrI9Rwql_10sOjVWiiDzB3G26RcZJbagfR3GQ0C-5bmkuMEQ%3D%3D&xkcb=SoCR67M3rQOUVDRXZZ0GbzkdCdPP&fccid=ebb2d60ed9b7d877&vjs=3,2025-10-26 16:37:41
,Not Provided,Not Provided,Not Provided,Not Provided,https://www.indeed.com/viewjob?jk=fedcba9876543210,2025-10-26 16:37:42
Python Developer,Not Provided,Not Provided,Not Provided,Not Provided,https://www.indeed.com/rc/clk?jk=e7ac95f8f7245b1a&bb=TlZo4c9AZohqS0coEmUR0asNqYDxu4A1LDr8PSHh3pXQ61wcBQz7Z2lyTweuaLsEbGxVxENqmyB6DBaw5BLb-G4aDTa-44dfViWVFchpBTjiqYR8ACNYRoAptLlMhz2-LBoRZf9jDrYT37mnaw9MMQ%3D%3D&xkcb=SoAM67M3rQOUVDRXZZ0FbzkdCdPP&fccid=338db0f68ef335f6&vjs=3,2025-10-26 16:37:42
